"","Date","Simulation_17","Simulation_33","Simulation_73","Simulation_84","Simulation_87","Simulation_88","Simulation_97"
"1","2023-01-03","0.83","0.83","0.83","0.83","0.83","0.83","0.83"
"2","2023-01-04","0.843892667754208","0.826632325818124","0.853927951899723","0.834986043579723","0.843721807395359","0.851379973652859","0.821417976725272"
"3","2023-01-05","0.848007777890528","0.832685766593648","0.875551293190948","0.833736347817941","0.841761858105885","0.846157890193722","0.79431982630203"
"4","2023-01-06","0.866363573821869","0.836889524436318","0.862476241234128","0.835742507138638","0.82693768247311","0.840091742884532","0.786909606005919"
"5","2023-01-07","0.872309472548534","0.837772361394406","0.874486959364448","0.830869595912416","0.829393217028445","0.838799256075136","0.769893340630594"
"6","2023-01-10","0.88900613182728","0.868413898769461","0.877227605266223","0.857850261345342","0.82471468566939","0.834178778460667","0.780794570581128"
"7","2023-01-11","0.887025398562412","0.863761779641855","0.884791733526593","0.850914077010477","0.784781145785333","0.83871830303358","0.770577118417046"
"8","2023-01-12","0.880843715865218","0.875170749850968","0.892374420865174","0.839389890864362","0.806804747515769","0.833868435851013","0.762235480945659"
"9","2023-01-13","0.913540547060957","0.870784246025614","0.90997190296702","0.838092505843207","0.784451601381587","0.84232224138648","0.753620989668647"
"10","2023-01-14","0.936351833641019","0.869772174661989","0.887896957214965","0.822888464765017","0.801742100740404","0.847709764559917","0.738573083019915"
"11","2023-01-17","0.948178491584669","0.877823880775953","0.889708227814987","0.823623080226996","0.798393560711375","0.85834290243585","0.724795849360087"
"12","2023-01-18","0.947409248357299","0.876599813714104","0.846624240331698","0.845272915915259","0.795447097368788","0.860548939745207","0.726908846536596"
"13","2023-01-19","0.952768460021606","0.9054983618755","0.852449938082548","0.843137927410452","0.790338223574364","0.880300871933106","0.703563591853477"
"14","2023-01-20","0.954565377034833","0.897264990947619","0.859414736357295","0.834917685856943","0.782742521917574","0.88498827245507","0.692532483591918"
"15","2023-01-21","0.937425014189423","0.911690467763116","0.822688408413299","0.811980377711285","0.803594412096867","0.905701522377414","0.683391235347209"
"16","2023-01-24","0.943743065111919","0.899122203783224","0.816176218704056","0.810406278827007","0.838311717197787","0.927089755624614","0.683768908165438"
"17","2023-01-25","0.909079482147742","0.908567747047035","0.792368340954097","0.799768757754459","0.840414327176399","0.923055563603969","0.673900113366567"
"18","2023-01-26","0.903044230973802","0.905602933182204","0.785717385659281","0.838835219514084","0.879716196903726","0.91045580408172","0.670171751727642"
"19","2023-01-27","0.887543768807104","0.877828172962557","0.798452683553641","0.853464093149941","0.874968541989266","0.919579205926607","0.6734386304395"
"20","2023-01-28","0.890383756112224","0.871219931592543","0.817671064306253","0.855359059145956","0.928548318605652","0.892713843949675","0.677055009671841"
"21","2023-01-31","0.920439102176806","0.885949132990528","0.820922035886411","0.873211632467163","0.952030478151765","0.89501179206448","0.673315750278158"
"22","2023-02-01","0.904062022706816","0.8931951141775","0.840202775004173","0.87269817182826","0.95409950175808","0.895389899312424","0.65919025136697"
"23","2023-02-02","0.918525864110326","0.893387661696359","0.846390533014253","0.864465359528181","0.970739657630851","0.902539740346376","0.671033297766985"
"24","2023-02-03","0.907950437445787","0.910160531854714","0.850005277942611","0.901530566619732","0.982870668551627","0.912235047908709","0.679023850787469"
"25","2023-02-04","0.913010384177128","0.90624386377321","0.829862344912223","0.923803979082218","0.981006262578297","0.924393777657202","0.675695353828266"
"26","2023-02-07","0.91049989670803","0.879885016596903","0.83724848305276","0.9181105020241","0.992136206910595","0.93546301593326","0.687133200570651"
"27","2023-02-08","0.912933941584541","0.881934939539256","0.83513946484808","0.911187245398366","1.00405416015253","0.938544116247497","0.67675666666461"
"28","2023-02-09","0.901084200217835","0.880722180111607","0.821604280232481","0.904606417064794","1.04597849361774","0.957467133906914","0.675816874620994"
"29","2023-02-10","0.904179886962831","0.890921029071492","0.830500668882649","0.892233581279709","1.02372611872923","0.984774738561664","0.684449410629359"
"30","2023-02-11","0.932044849842069","0.898088404389375","0.839978217704106","0.903273838919306","1.01639417192606","0.985571315448347","0.666968994017181"
"31","2023-02-14","0.898587345226121","0.886585524734628","0.827221177366943","0.877305964233069","1.0143538670845","0.996264363202408","0.67569476187316"
"32","2023-02-15","0.896770637445716","0.872426374772578","0.834577831434306","0.881366097556689","1.02492776849063","0.97940600387168","0.662977726558447"
"33","2023-02-16","0.91074710636358","0.866755487876719","0.859124971005797","0.88213471834788","1.0077559622406","0.987234535814095","0.667177510337234"
"34","2023-02-17","0.896938710917927","0.868199191648029","0.841313034578946","0.863052843841884","1.00836139603166","0.999593123055506","0.658263286795398"
"35","2023-02-18","0.902829142803774","0.870234817232595","0.836202180026736","0.884894113268134","0.992684023846532","0.987828759459329","0.662221520529507"
"36","2023-02-21","0.902053235608992","0.869351044472174","0.867449524497752","0.917911321832993","0.998003222625025","0.969049372219446","0.675731351264582"
"37","2023-02-22","0.892424858542567","0.890171970372638","0.868293228586359","0.892060200117245","1.00408128738756","0.990660940312664","0.691556032102345"
"38","2023-02-23","0.905549970345201","0.895734398566872","0.861686648641206","0.903736756231519","1.027834688785","1.00127808282066","0.701233398576948"
"39","2023-02-24","0.885302185492221","0.905230910155468","0.871462275283943","0.888480747960636","1.01183143860518","0.989022967862881","0.685293322982378"
"40","2023-02-25","0.860907567810292","0.902240024725617","0.875701394330308","0.88085384849128","1.01811300395039","0.975738822187768","0.682232597366786"
"41","2023-02-28","0.860628745746083","0.906590581198998","0.880309618277857","0.883166668604528","1.00421792880692","0.997023235415781","0.666492465193744"
"42","2023-03-01","0.843008264400558","0.879104870815954","0.865449638558174","0.900576100293492","0.982537060123674","0.989033062053361","0.668878732721031"
"43","2023-03-02","0.853752825730126","0.851491249316886","0.85846349279485","0.889706263487147","0.964013724621878","1.01360997160351","0.674785749583064"
"44","2023-03-03","0.834752176889383","0.838620175980152","0.859024297313298","0.919393458562735","0.969359668565863","1.01144648816554","0.680213874062583"
"45","2023-03-04","0.83000689171435","0.831882482133785","0.836958656488139","0.93706071257431","0.962090911605038","1.03559280668437","0.688044723548233"
"46","2023-03-07","0.808433844790397","0.832326562680681","0.839071062170637","0.899495356753699","0.98465487245201","1.0523823855411","0.679683173227251"
"47","2023-03-08","0.786066056670994","0.852227459945384","0.836364558192341","0.905960971136552","1.00274062527114","1.04124754062242","0.695214644631131"
"48","2023-03-09","0.761097901575372","0.846986085825807","0.847639562312214","0.90239850085867","0.987091480981678","1.03401562057011","0.68306868955726"
"49","2023-03-10","0.770332325402569","0.854153112905334","0.870320716790026","0.892288718014185","0.970797508672395","1.02195471774917","0.672828365119057"
"50","2023-03-11","0.790514046261528","0.861484346798239","0.902097149394912","0.922817284533442","0.979428841961927","1.02643664299244","0.663556807905552"
"51","2023-03-14","0.786258205872806","0.85837155247282","0.909994818129926","0.930549290435497","0.960224059542041","1.04134102063315","0.666839653864155"
"52","2023-03-15","0.79400497080014","0.866869893924436","0.896256947072154","0.936804310867462","0.966939923390795","1.05112868276363","0.682027451811166"
"53","2023-03-16","0.774599962570527","0.863689916191566","0.904115283098966","0.948083202445384","0.958948467702275","1.02220471596007","0.689464435673263"
"54","2023-03-17","0.768792618713324","0.864206297373028","0.923802338214473","0.944165000945518","0.966721707043498","1.03468505493459","0.675940962899749"
"55","2023-03-18","0.775152372817813","0.874660030735288","0.915382467091741","0.955516834516906","0.98951735213454","1.01478326591362","0.669842846497711"
"56","2023-03-21","0.785447928235829","0.857979084294699","0.90165607388666","0.963990407636505","0.97280721605927","0.96911377899112","0.655943150641856"
"57","2023-03-22","0.765732335830117","0.835482328224805","0.906359230673254","0.960243482438906","0.948006209217536","0.953160484177162","0.657879076910483"
"58","2023-03-23","0.799258249710765","0.827242811862556","0.894293572570431","0.953100648078347","0.98795158470083","0.945991781985761","0.670068957244854"
"59","2023-03-24","0.812873087343333","0.837068314029879","0.861721102744717","0.94502333545708","0.987745893991754","0.943530923747954","0.66952408589464"
"60","2023-03-25","0.814243651221402","0.825953438899338","0.868194984202926","0.94959432001464","0.963757035554241","0.923549503362808","0.680669756640839"
"61","2023-03-28","0.785807023874055","0.841898096274541","0.858666449076101","0.948669584524304","0.976726912189165","0.93901358341119","0.6754423407888"
"62","2023-03-29","0.786567538568894","0.855890185367984","0.84599815768206","0.948338043207435","0.963158315962913","0.958942342733945","0.675126723883155"
"63","2023-03-30","0.777023741359888","0.882354224983525","0.862294357529668","0.989601362840597","0.963407067090483","0.985522179261908","0.696809400528103"
"64","2023-03-31","0.783606890713348","0.903230168619087","0.884010136683619","0.973759941919598","0.985481671701455","1.0077117132213","0.684977275896966"
"65","2023-04-01","0.792095601039711","0.919352225128463","0.906687483813298","0.946421979547676","0.998067185229713","1.0236081180017","0.698628141442768"
"66","2023-04-04","0.79869874638485","0.909048236470746","0.904661817221957","0.967266440183079","0.991776192405868","1.02340707899621","0.709076430061812"
"67","2023-04-05","0.787902342312859","0.914784350542494","0.901038770208726","0.977929152629199","0.990508909490185","1.03292365933349","0.693090990725735"
"68","2023-04-06","0.76487770928407","0.921318154853635","0.877484684432206","0.966616258145067","0.99209459729119","1.04820533087567","0.711256276940851"
"69","2023-04-07","0.749220229192666","0.919476335110098","0.890334125587121","0.9837375584016","1.03098680373631","1.05880651900599","0.709902335810871"
"70","2023-04-08","0.755011410112363","0.924904603479028","0.893543697604973","0.98202240048354","1.04610706879468","1.09588798336993","0.708220988448342"
"71","2023-04-11","0.77281956426549","0.968012771891336","0.893711701853962","0.92667099429073","1.02555812778988","1.07848705148878","0.71119081677251"
"72","2023-04-12","0.77344060072578","0.97404034351433","0.914995015874841","0.913359869177625","1.05660396452262","1.06487098291647","0.705173415262829"
"73","2023-04-13","0.777388669197083","0.941677517087508","0.905830439103426","0.935544600212623","1.0355864347565","1.07868751351166","0.720702928176669"
"74","2023-04-14","0.767037824379557","0.958325773891997","0.931250241535863","0.944870342164183","1.05500586130024","1.07154833997061","0.749499758924624"
"75","2023-04-18","0.805395677451468","0.960727088200371","0.9238934274189","0.941347072387796","1.04856336169346","1.09315207174965","0.731457058012684"
"76","2023-04-19","0.807821712894571","0.980684762584838","0.915580605192432","0.931295354842054","1.04837279535019","1.0749577935236","0.757049257712569"
"77","2023-04-20","0.805914565165275","0.96533387711887","0.922962742227478","0.942554411533394","1.02123604362168","1.07630796577293","0.74552410912597"
"78","2023-04-21","0.831162988818428","0.946127289432366","0.936459145321821","0.93484529115343","1.03818911571274","1.08321568742124","0.756719699149496"
"79","2023-04-22","0.820237196487803","0.970678293390074","0.957233886419995","0.92765980230736","1.0196086710171","1.06888390122936","0.759691807526588"
"80","2023-04-25","0.824125125663937","0.964695019384111","0.974621739381346","0.942321606086031","1.04950832918075","1.0696249846974","0.737014088840618"
"81","2023-04-26","0.835665852957612","1.00072678060415","0.98257370925715","0.94125712260026","1.04930477806383","1.09765956153042","0.753538652884494"
"82","2023-04-27","0.822787174414785","1.01393025474495","1.00297779586836","0.926896669891998","1.02710154508384","1.08790555754563","0.759381935463999"
"83","2023-04-28","0.814761446162821","0.975108631812813","1.01557062415122","0.906064548829711","1.02768600719116","1.07992295348243","0.76949647640921"
"84","2023-04-29","0.803357397254619","0.958084100041331","1.02918828612718","0.896440491659046","1.00795471329422","1.07308411037023","0.767945438023098"
"85","2023-05-02","0.814685493528077","0.963242704505681","1.00771259829378","0.896715164409272","1.02872636293908","1.0621727029032","0.75985801103113"
"86","2023-05-03","0.806604853627113","0.95040382928526","1.00837357870816","0.897096663879272","1.01792028552571","1.07540648458715","0.747532532583571"
"87","2023-05-04","0.821944563146225","0.942764333895584","1.03626289286727","0.91632951564509","1.02332627204662","1.06985297424545","0.754230371332403"
"88","2023-05-05","0.828301699188747","0.952125679112161","1.03100924539539","0.945946908683402","1.03541842350891","1.075198074871","0.757610253514094"
"89","2023-05-06","0.860861452805027","0.957239781456836","1.01844492329081","0.935997476084546","1.02101829403127","1.04609852702268","0.763613180975767"
"90","2023-05-09","0.851179364215638","0.955335036979644","0.988715179765538","0.95647960111873","1.01942067367012","1.06703062123307","0.766329727082051"
"91","2023-05-10","0.851051149549858","0.921216110401169","0.9526814394497","0.956564302463365","0.999643947922792","1.04801165723155","0.766882104152381"
"92","2023-05-11","0.888407137632617","0.921167882808427","0.953240368662317","0.96117743469974","1.01075334041028","1.04236504387288","0.749506333837158"
"93","2023-05-12","0.890899953742069","0.915111232502223","0.947351004083333","0.973931415051082","0.988348086235356","1.06732364991226","0.757820107381318"
"94","2023-05-13","0.912603221521495","0.902213468916202","0.927395395418927","0.957393816621236","0.981662378762791","1.09327462922453","0.75755700483423"
"95","2023-05-16","0.909105471464467","0.922853262493393","0.946682138740722","0.939853813707688","0.975790705660316","1.09679399454363","0.752693222188132"
"96","2023-05-17","0.929615703672857","0.92380539461286","0.94943308169872","0.946611390469706","0.948871375711154","1.06909047936492","0.755842729113578"
"97","2023-05-18","0.921147195508996","0.939068782384652","0.949218637353658","0.939132420908015","0.958158617157188","1.04804855218075","0.761472012113925"
"98","2023-05-19","0.946041059862023","0.946345829507765","0.946488802105818","0.944955053152732","0.957609355806408","1.04657276206551","0.750807968024513"
"99","2023-05-20","0.938497227411104","0.979514066407761","0.923393718096038","0.963271312252318","0.968354646630215","1.04372747336802","0.770681834168433"
"100","2023-05-23","0.938665424325739","0.973962900251513","0.914960329605076","0.971507909031047","0.957207636272965","1.06081160041223","0.781686083810305"
"101","2023-05-24","0.905106520395857","0.997625068297378","0.926912018623213","0.954938005298286","0.969654757921778","1.05255648371606","0.786701692693102"
"102","2023-05-25","0.927341684253193","0.968309595473176","0.934621510820734","0.967221388424414","0.993262822393165","1.04125575688503","0.801797275171337"
"103","2023-05-26","0.943605967484529","0.932562482744128","0.91425881759101","0.963187204842505","0.980411264634398","1.02072686333292","0.784419473619617"
"104","2023-05-27","0.957375490412727","0.951041947132133","0.918806878167346","0.968501026628293","1.00155293349097","1.0020918001851","0.789064592168177"
"105","2023-05-30","0.965586802688237","0.927866893441411","0.920191881618892","0.993316330782422","0.975551135764086","0.975459214244663","0.801616787586352"
"106","2023-05-31","1.00378628735711","0.945150893332676","0.909364727726494","0.990074203694456","0.994934546540358","0.978058628477319","0.815062919962537"
"107","2023-06-01","0.985720225499242","0.934495687158226","0.939781496544059","0.985387723692814","1.00377963817425","0.966385758570089","0.804493374904946"
"108","2023-06-02","0.984174686722844","0.933262133720146","0.95483730680632","0.96798562296246","1.01809819598475","0.942616739477291","0.795778399596276"
"109","2023-06-03","1.00007402732097","0.945613605146473","0.94583331772876","0.938615268301012","1.01594192189098","0.966459382476173","0.791534566669931"
"110","2023-06-06","0.980586735071985","0.969773672009231","0.980204444181041","0.947558348429534","1.00376685258707","0.973719775673362","0.793717636870613"
"111","2023-06-07","1.01502401777178","0.99609365551349","0.973344538808329","0.979161222660291","1.01155484569086","0.970496061494407","0.797571671297621"
"112","2023-06-08","1.00858310868756","0.98645079935647","0.990246327786809","1.01647479193576","1.0087029576491","0.959654455886038","0.806676187643618"
"113","2023-06-09","1.00971297488473","0.990466854374596","1.01137728048791","0.99684296623766","1.01993857176661","0.933287797079893","0.817236013762298"
"114","2023-06-10","1.01405439761719","1.00274871239727","1.02804378264835","0.986696522568882","1.01772629114939","0.92198756126251","0.797311794220666"
"115","2023-06-13","1.01793728649308","0.988114940518051","1.04596248989421","0.98402087791519","1.03623163272829","0.889268951210692","0.806367092811899"
"116","2023-06-14","1.03426052791469","0.991073297058348","1.0293841413683","0.985333521839298","1.02045624569347","0.890695696281471","0.801425221736012"
"117","2023-06-15","1.06166382614138","0.962138188567676","1.03299441705859","0.963130176884011","1.01643120629425","0.890242623429876","0.791978575078586"
"118","2023-06-16","1.06556024767283","0.962130276598809","1.06164256869766","0.968733795993514","0.998008897168825","0.907187723861167","0.79031666025562"
"119","2023-06-17","1.07091358271242","0.952054011858515","1.07491179390736","0.982159864493712","1.00986094000799","0.893494926789609","0.780562440450843"
"120","2023-06-20","1.04774199227148","0.95060329916149","1.05071731758368","0.960486080523063","1.05137029286814","0.88991118980865","0.75946101020998"
"121","2023-06-21","1.05919086880799","0.96899235761144","1.06462324280485","0.989689876909737","1.05541145327526","0.881972868525381","0.77550306622272"
"122","2023-06-22","1.00432987957335","0.958595212051409","1.07495890801805","0.965843980509701","1.02147261741563","0.896300280250442","0.789901931033639"
"123","2023-06-23","1.01463505089316","0.972244686354814","1.04349612853907","0.975827198612817","0.994792405687633","0.885668400076505","0.75960247489115"
"124","2023-06-24","0.993494034295067","0.950942684004766","1.02144833075711","0.988013592672926","0.9749386857859","0.894415609485202","0.756500417031567"
"125","2023-06-27","0.996556485549234","0.981155071620022","0.981141302910181","0.991638927113274","0.968441230120904","0.908042376486682","0.763932739898181"
"126","2023-06-28","0.99916507953475","0.981576373578335","0.997162089384328","0.953914151960013","0.978291235003004","0.897990521483862","0.766589224445001"
"127","2023-06-29","1.01771310450915","0.996448034195182","1.00449615344306","0.936673021547026","1.02281230235878","0.899998485417517","0.770513595573944"
"128","2023-06-30","1.0007871460086","0.995608126299179","1.01866160590309","0.93299174866083","1.05514855473581","0.894028915923976","0.7683843869343"
"129","2023-07-01","1.01850493935979","0.989964270668447","1.00361047184642","0.901979328760565","1.05805548272839","0.877832424489621","0.79194382904748"
"130","2023-07-04","1.051383361931","0.968144076673758","0.981806929930673","0.90516145303584","1.05561401054715","0.903659777345934","0.811350621357641"
"131","2023-07-05","1.08612972561405","0.968095347027184","1.00408326479661","0.89836896284375","1.04818096104592","0.911021904195816","0.802386057301659"
"132","2023-07-06","1.0423875581264","0.999885735790831","1.03157442041736","0.890056468717734","1.05539662377532","0.909268720230696","0.786849800696612"
"133","2023-07-07","1.04248482654574","0.989643053111104","1.05255654024863","0.886533366231667","1.0929591530391","0.898184491690716","0.778624021971923"
"134","2023-07-08","1.0243124564787","0.973392315002238","1.05696640783776","0.880794183547485","1.12644813104478","0.892447301044701","0.776863893628772"
"135","2023-07-11","1.01278476044423","0.958143282539215","1.06674471924477","0.912050060615212","1.09626370288146","0.879366032140859","0.776302314447934"
"136","2023-07-12","1.00044463084829","0.966347065571395","1.10227552667875","0.913410385493061","1.10160907192737","0.897197123571464","0.805910260832452"
"137","2023-07-13","0.970887609506632","1.01376931824543","1.1343890105871","0.906928739296947","1.08489950252905","0.868749389376475","0.826633307997133"
"138","2023-07-14","0.983121154488053","1.00455301235772","1.13265347368539","0.919687135581841","1.07982203652254","0.885893000845424","0.837139412152652"
"139","2023-07-15","0.975627511641734","1.00107017310403","1.16874978917681","0.940425662164722","1.12418806687303","0.896989004365431","0.846733772770499"
"140","2023-07-18","0.963938301441418","1.00601253699016","1.19368641049221","0.956526570492119","1.13718038949701","0.909027510321672","0.852035182658382"
"141","2023-07-19","0.959641368758691","0.966757093143112","1.21617567765304","0.952209793027424","1.13454128581713","0.932010956655085","0.864440377113352"
"142","2023-07-20","0.957296009580345","0.933512057523658","1.19570082153886","0.95943883244601","1.12117796061174","0.933582167548243","0.853438059618205"
"143","2023-07-21","0.926123648365988","0.915770503168513","1.17861687555499","0.958671963232079","1.1096694985768","0.940941664465752","0.867679924156539"
"144","2023-07-22","0.948458996455236","0.938721327691094","1.19356388646036","0.962254166308159","1.10513198185447","0.941331298102938","0.838911732535847"
"145","2023-07-25","0.934952887231033","0.928050526242413","1.20823568920786","0.913823167767719","1.0886800721102","0.965881249338554","0.863321149445936"
"146","2023-07-26","0.957562405206771","0.923348703846168","1.22544929311797","0.942178567938018","1.1076629374485","0.96970881172386","0.869165177007545"
"147","2023-07-27","0.959672001638308","0.913462988833556","1.24659313249234","0.974074622158865","1.12923799530919","0.977469202966903","0.879629792067601"
"148","2023-07-28","0.959983349149003","0.873051650334436","1.23550467881953","0.962780892019244","1.18556434106529","0.982330954273851","0.861137662865288"
"149","2023-07-29","0.974335999372633","0.885386935519999","1.24770888007094","0.958538307823648","1.15196234861897","0.98347346204224","0.859794073772311"
"150","2023-08-01","0.966401794857271","0.89913736925804","1.27600887375578","0.969395667230467","1.18560549889719","0.975203487446374","0.867625242535853"
"151","2023-08-02","0.983566622411362","0.903614706323361","1.28667917532349","0.959117687123612","1.21418095942837","0.984072794467894","0.879572223387733"
"152","2023-08-03","1.00165694639964","0.914122876157092","1.32410207210723","0.955902536857018","1.20472480298133","0.992653094652583","0.895822282483831"
"153","2023-08-04","0.999145367586208","0.925172326286772","1.3501607986701","0.931199493836224","1.1969774584347","0.998729883382605","0.901314301753589"
"154","2023-08-05","0.998201924838777","0.909646244158064","1.33108422466784","0.945203861808416","1.19558601435347","0.98699591855192","0.914213813163881"
"155","2023-08-08","0.971540957166584","0.907474717675295","1.32163246162291","0.928295535135077","1.20688198442559","0.995771758888797","0.954362671804358"
"156","2023-08-09","0.9639536967362","0.931179174315987","1.338670632854","0.94808518971022","1.21767042892023","1.00201808358938","0.945995226082424"
"157","2023-08-10","0.951196783073631","0.955036453578236","1.32621395954731","0.930952164570052","1.2462620153939","0.985424915775385","0.988186607267689"
"158","2023-08-11","0.974346751600201","0.936050150721266","1.30632664707988","0.951342034450966","1.28560043362872","0.967082657094723","1.01037874574735"
"159","2023-08-12","0.98598781344311","0.930056353096956","1.3055043084441","0.97487271099707","1.28173618679258","0.936197856353964","1.00276609641537"
"160","2023-08-15","0.989445358919415","0.943371742513256","1.28202986984267","0.955962644908234","1.26118659085454","0.941024773699548","0.979104863569677"
"161","2023-08-16","0.958368699499985","0.954179463123048","1.27429661285831","0.940054376622366","1.25191231219017","0.934493507784681","0.971043771491774"
"162","2023-08-17","0.986751907333291","0.960367059122099","1.25476158581357","0.919864927581252","1.26734830811798","0.947221261006971","0.986010384943931"
"163","2023-08-18","0.972623634664034","0.989950117250421","1.27009834317291","0.9308608068924","1.2718567412869","0.927529298712283","1.00842283869075"
"164","2023-08-19","0.975004307275547","0.977321714638842","1.25406811463516","0.937168529285178","1.24379492504134","0.941873109318694","0.988856307690398"
"165","2023-08-22","0.993939151107997","0.966166415530398","1.27379035996539","0.972747393203771","1.25505529792965","0.931889449870373","0.996077285300751"
"166","2023-08-23","1.01466322889981","0.975903467432967","1.31629862116665","0.983342547662847","1.25294601538463","0.956245255848835","0.967957173345325"
"167","2023-08-24","1.00734145457402","0.976157881510722","1.34407105443888","1.00015393166178","1.2285175044672","0.953926431318045","0.977066357972913"
"168","2023-08-25","1.00848664735328","0.953984212705214","1.33276361847271","0.997074402891076","1.21017454047302","0.963522614877507","0.965618159055071"
"169","2023-08-26","1.00519078708086","0.95456540556446","1.32529517854481","1.02732622471374","1.26215371469459","0.961585370823968","0.982792248726206"
"170","2023-08-29","1.00145144103348","0.978688700077377","1.32680093576508","1.03063932880807","1.28134380993323","0.966842384845744","0.973828538557456"
"171","2023-08-30","0.991165135080158","0.935456663082859","1.34249455850525","1.04392779177761","1.27340475015522","1.00509815366286","0.954415874302993"
"172","2023-08-31","0.993616793989339","0.932990998653427","1.3684365512142","1.05231561438503","1.24034138272891","1.00355617742228","0.93828928326842"
"173","2023-09-01","0.990637779192504","0.957954486032555","1.38079460273794","1.05026129533696","1.2470687644329","1.04572550806701","0.916515302901783"
"174","2023-09-02","0.992157035584384","0.959432650482399","1.38360406116071","1.06867970320493","1.23333725045257","1.04714666189059","0.892084272781573"
"175","2023-09-05","1.00487182674628","0.977840185516652","1.38316910816926","1.0434954180162","1.21700054110729","1.03246347369455","0.889981976160212"
"176","2023-09-06","0.983423468397168","0.977052317839103","1.37902841381665","1.05147751830231","1.21093935489524","1.04965819307307","0.918705352097444"
"177","2023-09-07","0.97705180524011","0.953694007816298","1.36596828242305","1.05106671095157","1.22953491870447","1.06839707933917","0.920146036901631"
"178","2023-09-08","0.964001149405684","0.964699032740126","1.38954826377178","1.06469271762247","1.23495553887942","1.09176130840992","0.906142658876891"
"179","2023-09-09","0.96852531796831","0.951294336562547","1.4288744883406","1.04821822721624","1.2513706473314","1.09608419816226","0.915632249377568"
"180","2023-09-12","0.964660451872478","0.9553942592897","1.42647227790892","1.1067785655629","1.27067341170114","1.07840774470758","0.89796155736112"
"181","2023-09-13","0.948333034689623","0.967138201920887","1.37777322548692","1.11193205574088","1.2669534196035","1.10404518627639","0.904830899405345"
"182","2023-09-14","0.98236213657847","0.947909847787736","1.35584784374282","1.12512355148332","1.26221595356751","1.11333269923836","0.882285247108994"
"183","2023-09-15","0.970421775813093","0.955386062027353","1.3465782259011","1.09505832245784","1.23498085854321","1.09661880304648","0.876937952578219"
"184","2023-09-16","0.975497617875257","0.942821978784804","1.31376817659213","1.06465451759909","1.23424038650643","1.10562699261035","0.890578384181356"
"185","2023-09-19","1.03948307864413","0.938591744533983","1.31816358416296","1.08979812137855","1.2407460347395","1.14673279073832","0.891076618085167"
"186","2023-09-20","1.05183391051586","0.915264664131581","1.34815348992222","1.10273447443963","1.22109578646212","1.13355780418067","0.902679545539599"
"187","2023-09-21","1.03050600320433","0.907609193634288","1.36427108258117","1.10849389028195","1.23131428063167","1.18469528258283","0.907102325267524"
"188","2023-09-22","1.04432402710881","0.898449589265695","1.32605252361567","1.08649049624784","1.21942915881836","1.14495954240622","0.91152303974143"
"189","2023-09-23","1.03604454358277","0.883216397832948","1.31232140820716","1.04829874326912","1.21974806397468","1.14742015449511","0.924630472835567"
"190","2023-09-26","1.0322059684525","0.914234115504377","1.31277550236396","1.03578866694396","1.18421284474508","1.1464350541803","0.953160618557395"
"191","2023-09-27","1.03946412733104","0.922194895821801","1.33814840509707","1.0200430601011","1.17837665797432","1.13777159819714","0.965123012836872"
"192","2023-09-28","1.02787408421812","0.924602228545494","1.39245320879721","1.0471088695523","1.17112018871808","1.13257554573251","0.988860268645805"
"193","2023-09-29","1.04037835734001","0.908471044417903","1.36424662170469","1.0145840077287","1.13923479699683","1.15768742043929","1.01529345670034"
"194","2023-09-30","1.05681723280737","0.901691472918765","1.37063240538796","0.988694406049281","1.1716376024919","1.14134931911527","1.01285009967768"
"195","2023-10-03","1.06514016604399","0.913000532812125","1.36390320427479","1.0051121066602","1.17572550423547","1.16694808836829","1.01038416968236"
"196","2023-10-04","1.07749177863829","0.895916169613219","1.36602511785987","1.00530948263348","1.16201013094621","1.18730323969367","1.02674138106446"
"197","2023-10-05","1.09000319676217","0.91845382576317","1.36557679015921","1.0294518332089","1.17087729531769","1.16405043848416","1.04708930367822"
"198","2023-10-06","1.09668575103981","0.941689398096506","1.40590579839911","0.998124856700116","1.17042084516578","1.17240499799981","1.06622244889815"
"199","2023-10-07","1.10431471050892","0.932429486370203","1.39819277690593","0.9951649286262","1.14546333577701","1.20808410757801","1.06149311335675"
"200","2023-10-10","1.093932896842","0.94631137115511","1.42698463906603","1.01181661014669","1.12832208611584","1.22124132972927","1.04705282521798"
"201","2023-10-11","1.11313278824808","0.964818954258584","1.47538071837865","1.01024163250441","1.15121492380953","1.20287895526021","1.04798376769228"
"202","2023-10-12","1.13476052818859","0.943248936467793","1.46676780371239","0.994600110153882","1.13900945672414","1.20274897431477","1.0249588790041"
"203","2023-10-13","1.15913874643683","0.949918977719217","1.41382145481593","1.03249484748478","1.13234979139654","1.1656729087619","1.02674119821817"
"204","2023-10-14","1.16864487767129","0.941344803713926","1.41387665416792","1.02968367307546","1.14204226180188","1.1768576753487","1.01208987070321"
"205","2023-10-17","1.18265496488562","0.926392123296928","1.37106377578768","1.0623122915795","1.1564773082617","1.1300363288195","0.997869120433443"
"206","2023-10-18","1.19798616529415","0.947636464439704","1.35930700281708","1.05350870626983","1.17675856257958","1.13028459930402","0.992519000257596"
"207","2023-10-19","1.21563906228938","0.966100445606421","1.36399209817775","1.07030811725193","1.13547225855056","1.12165813019893","1.01645514645282"
"208","2023-10-20","1.179665808641","0.97045926395181","1.39100523194585","1.11253955097628","1.14680608973579","1.12791684174357","1.01617034432031"
"209","2023-10-21","1.18995625251977","0.960793873083606","1.3492259739879","1.12094678191055","1.17720043618569","1.10430836035818","1.02843385735546"
"210","2023-10-24","1.24876697537156","0.921683890159972","1.36083770302468","1.13999112128507","1.19088996661726","1.11676712940919","1.03034413269494"
"211","2023-10-25","1.24537482033598","0.913969011952152","1.35424863776548","1.15447284550481","1.20177922251837","1.11674867681264","1.06711806308774"
"212","2023-10-26","1.23145069930994","0.929345139621529","1.31164868753443","1.16799854712605","1.19402159381657","1.08531587370497","1.06897261974188"
"213","2023-10-27","1.20768341701415","0.918016883582961","1.3139026344222","1.15374087705549","1.20782295127458","1.109975256228","1.05876473422892"
"214","2023-10-28","1.15691188516831","0.916545427252813","1.32766524711922","1.1576854245304","1.22435488644917","1.11748079941626","1.04663265999512"
"215","2023-10-31","1.17323787298798","0.927910008205716","1.33946102922004","1.14609641748371","1.23725131466616","1.14090451472186","1.06256441107994"
"216","2023-11-01","1.17942990046267","0.948197459005212","1.28922869556746","1.16256772131369","1.25591561296506","1.15150155233645","1.06524479101553"
"217","2023-11-02","1.15841437650818","0.968495314347846","1.3091210197911","1.16944710473785","1.25972736201178","1.15984038596528","1.04346331928347"
"218","2023-11-03","1.16763524372033","1.01856746773653","1.29902097776966","1.16963779109827","1.28494437361354","1.19144225260861","1.0355329638384"
"219","2023-11-04","1.18216739708325","1.03067392531988","1.33162610087589","1.14677319763203","1.2903903690076","1.22117693401661","1.06252489537816"
"220","2023-11-07","1.20824258739863","1.05605320428076","1.33091961080132","1.14883000263319","1.28483438978649","1.2046018433629","1.10312372882995"
"221","2023-11-08","1.19312974915392","1.09764472483099","1.33474624067978","1.16458682268126","1.26649897691497","1.17612840638858","1.10640174347153"
"222","2023-11-09","1.17712682475446","1.11129810082042","1.3301279276577","1.19002627307789","1.28006085930208","1.1526906346684","1.09348051675637"
"223","2023-11-10","1.17323612245781","1.10425913803112","1.36880971316084","1.20918141089595","1.29767898420909","1.17675113906338","1.09875714282847"
"224","2023-11-11","1.1951956227586","1.11412889516905","1.41344624102326","1.1991789284555","1.29506075877353","1.18977084798912","1.14803874283965"
"225","2023-11-14","1.19779168568857","1.12178928462649","1.45290391966943","1.17550045323109","1.28590314965648","1.16441078986258","1.14630832489854"
"226","2023-11-15","1.17690880462509","1.09012561855972","1.44093991420039","1.19440087063749","1.29711169121734","1.16471467721954","1.14063560111072"
"227","2023-11-16","1.19659152286066","1.10088780985237","1.45570892134506","1.20602273097616","1.28743421612681","1.14018099886848","1.11931760948982"
"228","2023-11-17","1.2114680787788","1.10041171287621","1.48023647942492","1.20034768523173","1.27104187649019","1.17142808196016","1.17008137946369"
"229","2023-11-18","1.252368422716","1.10917498015077","1.45249212117666","1.20482967847039","1.27557910109341","1.12318293129248","1.14858566006326"
"230","2023-11-21","1.27169689262942","1.09529573012713","1.44195786612021","1.22975630769288","1.29517007075179","1.13104067295907","1.16732653027295"
"231","2023-11-22","1.27244295867255","1.07886572956514","1.44801029969391","1.22773465391635","1.32302516405657","1.10833565786938","1.13649414161924"
"232","2023-11-23","1.27753060291219","1.07313957439069","1.42557904110953","1.23619575834693","1.35099031904433","1.13278358811584","1.17375345407829"
"233","2023-11-24","1.22264776507446","1.06248163284662","1.44646587355426","1.20929640271235","1.38456979349007","1.13395812542175","1.15559755623434"
"234","2023-11-25","1.18622134880086","1.07736563632745","1.43778758041225","1.19043799861615","1.42274912162998","1.15277549395385","1.1722077877379"
"235","2023-11-28","1.19809131657519","1.06325338765471","1.42796329021757","1.18122349380293","1.42112550644305","1.15762666017656","1.17194632609267"
"236","2023-11-29","1.17296462745529","1.0257448763185","1.42661079462066","1.16894133601923","1.36495560303617","1.13779038473005","1.15775663005935"
"237","2023-11-30","1.17329599425358","1.00309207709666","1.44015522175997","1.1563431972413","1.32470020633242","1.10221211213283","1.14728208823034"
"238","2023-12-01","1.201374497051","0.989107873041782","1.44484253942529","1.20206199797976","1.31201257854135","1.09656146364214","1.18043479862511"
"239","2023-12-02","1.18308415591154","1.05356635269007","1.44294892315957","1.20215682825992","1.31126744802626","1.09057083958816","1.19026199778636"
"240","2023-12-05","1.19910843767108","1.06422925926496","1.40306945592961","1.17439932296861","1.30264037452921","1.08437579651144","1.22049712261628"
"241","2023-12-06","1.1847862388605","1.11102301244904","1.3770607840943","1.18875356465978","1.28547587536266","1.06495649741818","1.20872152177434"
"242","2023-12-07","1.18418680390304","1.1248717527787","1.37339046636229","1.19929096861202","1.30190400910862","1.08114885115841","1.23546671093547"
"243","2023-12-08","1.19941722289967","1.10971219329025","1.37411501404283","1.21285994325517","1.30775981469484","1.08399663587061","1.23557733099769"
"244","2023-12-09","1.21007907478191","1.0909982968929","1.36253838578884","1.19411463981995","1.33539358470983","1.10545596372278","1.26616280878401"
"245","2023-12-12","1.20135471014296","1.0916854815716","1.3129827869168","1.1907626617774","1.38880155044846","1.11095992282348","1.25162439966759"
"246","2023-12-13","1.19909472990625","1.10120414310741","1.30585312245626","1.19452743492799","1.35077850158443","1.1234420943549","1.25119828497595"
"247","2023-12-14","1.21210787825961","1.11817909869977","1.33257567456658","1.2146282450932","1.35506596535226","1.12589716986646","1.24430222569708"
"248","2023-12-15","1.19667139777216","1.13820086624254","1.27585650311086","1.2502969850362","1.32673083259429","1.1346879234387","1.24892685710369"
"249","2023-12-16","1.21013115680384","1.17853691669436","1.26226346146818","1.26887764463441","1.3722616077187","1.15075169667753","1.22685834950071"
"250","2023-12-19","1.23042765122556","1.16213005597658","1.244487818561","1.25869687828069","1.37982590923147","1.20080494901688","1.22755319457933"
"251","2023-12-20","1.257456404161","1.19894230963828","1.26027450963457","1.26954548979021","1.42726436196873","1.19241676786689","1.23108200161876"
"252","2023-12-21","1.23726701425805","1.17263097486765","1.27287819539615","1.28207670611626","1.42308351766727","1.15623631996167","1.22865887360932"
"253","2023-12-22","1.26496740124376","1.20469392195304","1.27799134771915","1.25336134902875","1.38777336396698","1.18232193058999","1.21254240107728"
"254","2023-12-23","1.29342483285288","1.19581535105875","1.2886237004188","1.26455893356152","1.34537939629463","1.13628383807646","1.22839305276928"
"255","2023-12-26","1.34550370907073","1.18640543101187","1.2809539646909","1.27127404193489","1.32198093687821","1.17542654171048","1.22454168596392"
"256","2023-12-27","1.35009266751086","1.18914587937444","1.23667451789313","1.26612041279957","1.29646228172376","1.18398755559389","1.22121387729013"
"257","2023-12-28","1.38735467602357","1.24320911637523","1.23570602614181","1.2839126163536","1.32624267774594","1.21980334026116","1.22686577744266"
"258","2023-12-29","1.35924953154448","1.22748800593954","1.22603767183516","1.27271529159891","1.30236214789177","1.22074245626949","1.1902173772938"
"259","2023-12-30","1.31037842689496","1.21454746103516","1.22234180172146","1.26974492235879","1.28380585598833","1.20456547664366","1.19087351102201"
